[{"id":1665560503,"title":"Poire","image":"https:\/\/i-sam.unimedias.fr\/2019\/10\/17\/poire-fruit.jpeg?auto=format%2Ccompress&amp;crop=faces&amp;cs=tinysrgb&amp;fit=crop&amp;h=420&amp;w=806","description":"                                                                                    Ceci est une poire                                                                        ","category":"nature"},{"id":1665560561,"title":"Fus&eacute;e","image":"https:\/\/img.lemde.fr\/2022\/10\/12\/0\/0\/3000\/1999\/664\/0\/75\/0\/76b95db_5434430-01-06.jpg","description":"                                                        Ceci est une fus&eacute;e                                                ","category":"politics"},{"id":1665560650,"title":"Ligue des justiciers","image":"https:\/\/ichef.bbci.co.uk\/news\/640\/cpsprodpb\/0378\/production\/_117388800_050321presidentsposter-1.jpg","description":"ozndanodzonondia","category":"politics"},{"id":1665567025,"title":"For&ecirc;t","image":"https:\/\/upload.wikimedia.org\/wikipedia\/commons\/thumb\/7\/76\/Foret.JPG\/1200px-Foret.JPG","description":"Ceci est une for&ecirc;t","category":"nature"},{"id":1665567428,"title":"Hacker","image":"https:\/\/c.tenor.com\/G465PtI9pbYAAAAC\/critical-ops-we-do-a-little-trolling.gif","description":"Ceci est un hacker","category":"technology"},{"id":1665567576,"title":"Politicien","image":"https:\/\/business-cool.com\/wp-content\/uploads\/2018\/11\/politique.jpeg","description":"balalalzkee","category":"politics"},{"id":1665569352,"title":"Kangourou","image":"https:\/\/i.ytimg.com\/vi\/AtP6tRJ4XBM\/maxresdefault.jpg","description":"jnzkajkojazkjeajezikjaezkjekajiejazjkzjeklajezkljaezlkjaezkjaezkljezakjaezkjaezkjakljzekjazkjazkjezjaajz","category":"nature"}]